horizon,symbol,firstSurfaceDate,outcomeDate,benchmark,reportedExcess,derivedExcess,rawForward,adjustedForward,factorChange,splitCount,dividendCount,largestAdjustedOneDayMove,calculationMatch,adjustmentArtifactWarning
5,USA.TO,2025-11-21,2025-11-28,^GSPTSE,16.22,16.2183,20.2703,20.2703,0,0,0,6.7568,true,false
5,ARIS.TO,2025-08-20,2025-08-27,^GSPTSE,16.1,16.0983,18.0862,18.0862,0,0,0,7.5342,true,false
5,OGC.TO,2025-11-05,2025-11-12,^GSPTSE,15.88,15.8763,18.2817,18.2816,0,0,0,5.6549,true,false
5,LAC.TO,2025-09-10,2025-09-17,^GSPTSE,15.15,15.1534,15.641,15.641,0,0,0,11.1111,true,false
5,AG.TO,2025-02-28,2025-03-07,^GSPTSE,12.05,12.0478,9.5484,9.5484,0,0,1,7.3265,true,false
5,LUN.TO,2025-03-04,2025-03-11,^GSPTSE,11.88,11.8812,10.5634,10.5634,0,0,0,6.4261,true,false
5,BIR.TO,2025-03-07,2025-03-14,^GSPTSE,11.8,11.7952,10.3846,10.9656,0.5263,0,1,8.1132,true,false
5,LUN.TO,2025-02-28,2025-03-07,^GSPTSE,11.56,11.559,9.0595,9.0595,0,0,0,6.4261,true,false
5,BB.TO,2024-11-22,2024-11-29,^GSPTSE,11.05,11.0535,11.8541,11.8541,0,0,0,10.3344,true,false
5,ARX.TO,2024-09-27,2024-10-04,^GSPTSE,10.5,10.4977,11.3576,11.3576,0,0,1,3.7712,true,false
10,LAC.TO,2025-09-10,2025-09-24,^GSPTSE,112.12,112.1231,114.1026,114.1026,0,0,0,97.8673,true,false
10,EDR.TO,2025-02-28,2025-03-14,^GSPTSE,30.62,30.6153,27.307,27.307,0,0,0,24.6654,true,false
10,AG.TO,2025-02-28,2025-03-14,^GSPTSE,26.79,26.7922,23.4839,23.4839,0,0,1,10.5,true,false
10,ARIS.TO,2025-08-20,2025-09-04,^GSPTSE,26.04,26.0381,29.7581,29.7581,0,0,0,7.5342,true,false
10,ARIS.TO,2025-08-18,2025-09-02,^GSPTSE,23.38,23.3795,25.8603,25.8603,0,0,0,7.5342,true,false
10,BIR.TO,2025-03-07,2025-03-21,^GSPTSE,21.52,21.5245,21.7308,22.3715,0.5263,0,1,8.1132,true,false
10,EQX.TO,2024-12-24,2025-01-10,^GSPTSE,20.51,20.5094,20.191,20.191,0,0,0,10.0132,true,false
10,PPTA.TO,2025-09-18,2025-10-02,^GSPTSE,19.98,19.9836,22.3843,22.3843,0,0,0,11.241,true,false
10,ARIS.TO,2025-10-28,2025-11-11,^GSPTSE,19.97,19.9716,19.9375,19.9375,0,0,0,9.3343,true,false
10,USA.TO,2025-11-21,2025-12-05,^GSPTSE,18.39,18.3855,22.2008,22.2008,0,0,0,6.7568,true,false
20,LAC.TO,2025-09-10,2025-10-08,^GSPTSE,177.26,177.2622,181.7949,181.7949,0,0,0,97.8673,true,false
20,BB.TO,2024-11-22,2024-12-20,^GSPTSE,63.5,63.5026,60.1824,60.1824,0,0,0,23.1308,true,false
20,PPTA.TO,2025-09-18,2025-10-17,^GSPTSE,45.5,45.5044,47.7282,47.7282,0,0,0,11.241,true,false
20,ARIS.TO,2025-10-28,2025-11-25,^GSPTSE,42.98,42.9849,44.5661,44.5661,0,0,0,10.3595,true,false
20,USA.TO,2025-11-21,2025-12-19,^GSPTSE,41.43,41.4295,46.7181,46.7181,0,0,0,11.2045,true,false
20,BTE.TO,2025-10-22,2025-11-19,^GSPTSE,39.77,39.7671,40.7523,40.7523,0,0,0,13.6364,true,false
20,ARIS.TO,2025-08-18,2025-09-16,^GSPTSE,33.28,33.2828,38.269,38.269,0,0,0,7.5342,true,false
20,TVK.TO,2025-11-24,2025-12-22,^GSPTSE,30.14,30.1383,34.6987,34.6987,0,0,0,22.3261,true,false
20,DPM.TO,2025-11-05,2025-12-03,^GSPTSE,27.55,27.5522,31.0634,31.0634,0,0,0,6.4315,true,false
20,ARIS.TO,2025-08-20,2025-09-18,^GSPTSE,27.26,27.2643,32.9127,32.9127,0,0,0,7.5342,true,false
