scope,target,model,episodes,successRate,meanReturn20,meanExcess20,zeroPickDays
natural,,core,44,34.09,6.3056,4.8511,913
natural,,core_volume,10,40,9.282,7.1561,941
natural,,core_market,28,25,5.5863,4.5225,928
natural,,trend_rs,1305,36.32,1.7165,0.9099,15
natural,,early_watch,1187,38.5,2.0781,0.7859,336
controlled,core,core,44,34.09,6.3056,4.8511,
controlled,core,early_watch,26,46.15,6.1385,4.13,
controlled,core,trend_rs,42,38.1,1.7617,0.3855,
controlled_random_distribution,core,random,,34.54,,0.095,
controlled_random_distribution,core,sector_vol_matched_random,,40.52,,2.3157,
controlled,core_volume,core_volume,10,40,9.282,7.1561,
controlled,core_volume,early_watch,7,57.14,8.2211,4.9665,
controlled,core_volume,trend_rs,10,20,1.1515,-0.9744,
controlled_random_distribution,core_volume,random,,36,,0.3115,
controlled_random_distribution,core_volume,sector_vol_matched_random,,34.55,,2.6869,
controlled,core_market,core_market,28,25,5.5863,4.5225,
controlled,core_market,early_watch,16,50,5.8931,3.9869,
controlled,core_market,trend_rs,27,33.33,1.7153,0.7138,
controlled_random_distribution,core_market,random,,30.79,,0.6438,
controlled_random_distribution,core_market,sector_vol_matched_random,,33.75,,4.5258,
